{"Year":[2009,2010,2011,2012,2013,2014,2015,2016,2017,2018,2019,2020,2021],"Value":[3340460.7000000002,3392190.0,3434437.7999999998,2832327.7999999998,2445390.0,2457530.0,3080060.0,2389110.0,3322250.0,2867383.2000000002,3134252.0800000001,2909829.1200000001,3322261.7599999998]}