{"Year":[2022,2021,2020,2019,2018,2017,2016,2015,2014,2013,2012,2011,2010,2009],"Value":[3167659.6800000002,3322261.7599999998,2909829.1200000001,3134252.0800000001,2867383.2000000002,3322250.0,2389110.0,3080060.0,2457530.0,2445390.0,2832327.7999999998,3434437.7999999998,3392190.0,3340460.7000000002]}