{"Year":[2020,2019,2018,2017,2016,2015,2014,2013,2012,2011,2010,2009,2020,2019,2018,2017,2016,2015,2014,2013,2012,2011,2010,2009,2020,2019,2018,2017,2016,2015,2014,2013,2012,2011,2010,2009,2020,2019,2018,2017,2016,2015,2014,2013,2012,2011,2010,2009],"Value":[801545.0,795736.0,798538.0,792086.0,791632.0,787266.0,787301.0,794228.0,799188.0,800469.0,810444.0,815440.0,800863.0,798640.5,797137.0,795312.0,791859.0,789449.0,787283.5,790764.5,796708.0,799828.5,805456.5,812942.0,2217453.0,2548179.29,2575861.6699999999,2548268.96,2506393.0,2610354.0,2573816.4700000002,2588503.02,2733191.0,2906941.0,2924449.0,3061956.0,7.59,8.74,8.85,8.78,8.67,9.06,8.96,8.97,9.4,9.96,9.95,10.32]}